horizon,model,feature_group,rows,event_rate,PR_AUC_average_precision,ROC_AUC
H5,LightGBM,ALL,2422511,0.02871772305677869,0.14549111843063742,0.8496448456215442
H5,Naive,P,2422511,0.02871772305677869,0.048581790417374045,0.6961959516181108
H10,LightGBM,ALL,2340966,0.034605799486195014,0.18086922778707334,0.8482155728585629
H10,Naive,P,2340966,0.034605799486195014,0.06623331011287156,0.7189534232383259
