period,Stress_H5_mean,Stress_H10_mean
train,0.10052299244578515,0.10061523272391175
validation,0.05054616300484259,0.052732040739352
test,0.054398302406274995,0.0580218700345872
